<?xml version="1.0" encoding="UTF-8"?>
<!DOCTYPE suite SYSTEM "http://testng.org/testng-1.0.dtd">
<suite name="Suite" >
  <test name="Test">
  <parameter name="Select" value="chrome"/>
  <parameter name="User" value="username"/>
  <parameter name="Pass" value="password"/>
  <classes>
  	<class name="testcases.LoginTest"/>
 
  </classes>
  </test> <!-- Test -->
  <test name="IncorrectLogin">
  <parameter name="Select" value="chrome"/>
  <parameter name="User" value="invalidLogin"/>
  <parameter name="Pass" value="password"/>
  <!-- groups>
  <run>
  <include name = "regression"/>
  </run>
  </groups -->
  <classes>
  	<class name="testcases.IncorrectLogin"/>
  	<class name="testcases.WithoutPassword"/>
  </classes>
  </test> <!-- Test -->
</suite> <!-- Suite -->
